Tavian,boy
Jacquez,boy
Alessandro,boy
Kyree,boy
Tyrik,boy
Jordi,boy
Jalon,boy
Mekhi,boy
Jelani,boy
Matteo,boy
Johan,boy
Hamza,boy
Brycen,boy
Jovany,boy
Miguelangel,boy
Jensen,boy
Rahul,boy
Christion,boy
Judah,boy
Konnor,boy
Kylan,boy
Jaiden,boy
Tyreke,boy
Cayden,boy
Jett,boy
Zaire,boy
Jaydon,boy
Korbin,boy
Tyreese,boy
Braedon,boy
Jaxson,boy
Xander,boy
Camren,boy
Semaj,boy
Ean,boy
Gaven,boy
Karson,boy
Trevion,boy
Ayden,boy
Rey,boy
Tavion,boy
Braiden,boy
Kadin,boy
Arman,boy
Aditya,boy
Rowan,boy
Bridger,boy
Kayden,boy
Elian,boy
Luca,boy
Finn,boy
Kaiden,boy
Sincere,boy
Maximus,boy
Xzavier,boy
Blaze,boy
Gaige,boy
London,boy
Keshaun,boy
Sabastian,boy
Kavon,boy
Kian,boy
Brodie,boy
Jaeden,boy
Javion,boy
Jamir,boy
Maxim,boy
Alexzander,boy
Kamren,boy
Zander,boy
Dayne,boy
Isaak,boy
Jaheim,boy
Jagger,boy
Oswaldo,boy
Ronan,boy
Haden,boy
Jadyn,boy
Immanuel,boy
Alijah,boy
Jakobe,boy
Imanol,boy
Jordyn,boy
Zain,boy
Yusuf,boy
Gavyn,boy
Pranav,boy
Yehuda,boy
Daunte,boy
Caiden,boy
Arjun,boy
Jahiem,boy
Zavier,boy
Mustafa,boy
Rylee,boy
Giovani,boy
Jovanni,boy
Omarion,boy
Yahir,boy
Amarion,boy
Stella,girl
Sallie,girl
Nettie,girl
Etta,girl
Harriet,girl
Sadie,girl
Katie,girl
Lydia,girl
Kate,girl
Mollie,girl
Lulu,girl
Nannie,girl
Lottie,girl
Belle,girl
Charlotte,girl
Amelia,girl
Hannah,girl
Jane,girl
Emily,girl
Matilda,girl
Henrietta,girl
Sara,girl
Estella,girl
Theresa,girl
Josie,girl
Sophia,girl
Anne,girl
Delia,girl
Louisa,girl
Mayme,girl
Estelle,girl
Nina,girl
Bettie,girl
Luella,girl
Inez,girl
Lela,girl
Rosie,girl
Millie,girl
Janie,girl
Cornelia,girl
Victoria,girl
Celia,girl
Christine,girl
Birdie,girl
Harriett,girl
Mable,girl
Myra,girl
Sophie,girl
Tillie,girl
Isabel,girl
Sylvia,girl
Isabelle,girl
Leila,girl
Sally,girl
Ina,girl
Nell,girl
Alberta,girl
Katharine,girl
Rena,girl
Mina,girl
Mathilda,girl
Dollie,girl
Hettie,girl
Fanny,girl
Lenora,girl
Adelaide,girl
Lelia,girl
Nelle,girl
Sue,girl
Johanna,girl
Lilly,girl
Lucinda,girl
Minerva,girl
Lettie,girl
Roxie,girl
Helena,girl
Hilda,girl
Hulda,girl
Genevieve,girl
Cordelia,girl
Jeanette,girl
Adeline,girl
Leah,girl
Lura,girl
Mittie,girl
Isabella,girl
Olga,girl
Phoebe,girl
Teresa,girl
Lida,girl
Lina,girl
Marguerite,girl
Claudia,girl
Cecelia,girl
Bess,girl
Emilie,girl
Rosetta,girl
Myrtie,girl
Cecilia,girl
Olivia,girl
