Tavian,1
Jacquez,1
Alessandro,1
Kyree,1
Tyrik,1
Jordi,1
Jalon,1
Mekhi,1
Jelani,1
Matteo,1
Johan,1
Hamza,1
Brycen,1
Jovany,1
Miguelangel,1
Jensen,1
Rahul,1
Christion,1
Judah,1
Konnor,1
Kylan,1
Jaiden,1
Tyreke,1
Cayden,1
Jett,1
Zaire,1
Jaydon,1
Korbin,1
Tyreese,1
Braedon,1
Jaxson,1
Xander,1
Camren,1
Semaj,1
Ean,1
Gaven,1
Karson,1
Trevion,1
Ayden,1
Rey,1
Tavion,1
Braiden,1
Kadin,1
Arman,1
Aditya,1
Rowan,1
Bridger,1
Kayden,1
Elian,1
Luca,1
Finn,1
Kaiden,1
Sincere,1
Maximus,1
Xzavier,1
Blaze,1
Gaige,1
London,1
Keshaun,1
Sabastian,1
Kavon,1
Kian,1
Brodie,1
Jaeden,1
Javion,1
Jamir,1
Maxim,1
Alexzander,1
Kamren,1
Zander,1
Dayne,1
Isaak,1
Jaheim,1
Jagger,1
Oswaldo,1
Ronan,1
Haden,1
Jadyn,1
Immanuel,1
Alijah,1
Jakobe,1
Imanol,1
Jordyn,1
Zain,1
Yusuf,1
Gavyn,1
Pranav,1
Yehuda,1
Daunte,1
Caiden,1
Arjun,1
Jahiem,1
Zavier,1
Mustafa,1
Rylee,1
Giovani,1
Jovanni,1
Omarion,1
Yahir,1
Amarion,1
Stella,2
Sallie,2
Nettie,2
Etta,2
Harriet,2
Sadie,2
Katie,2
Lydia,2
Kate,2
Mollie,2
Lulu,2
Nannie,2
Lottie,2
Belle,2
Charlotte,2
Amelia,2
Hannah,2
Jane,2
Emily,2
Matilda,2
Henrietta,2
Sara,2
Estella,2
Theresa,2
Josie,2
Sophia,2
Anne,2
Delia,2
Louisa,2
Mayme,2
Estelle,2
Nina,2
Bettie,2
Luella,2
Inez,2
Lela,2
Rosie,2
Millie,2
Janie,2
Cornelia,2
Victoria,2
Celia,2
Christine,2
Birdie,2
Harriett,2
Mable,2
Myra,2
Sophie,2
Tillie,2
Isabel,2
Sylvia,2
Isabelle,2
Leila,2
Sally,2
Ina,2
Nell,2
Alberta,2
Katharine,2
Rena,2
Mina,2
Mathilda,2
Dollie,2
Hettie,2
Fanny,2
Lenora,2
Adelaide,2
Lelia,2
Nelle,2
Sue,2
Johanna,2
Lilly,2
Lucinda,2
Minerva,2
Lettie,2
Roxie,2
Helena,2
Hilda,2
Hulda,2
Genevieve,2
Cordelia,2
Jeanette,2
Adeline,2
Leah,2
Lura,2
Mittie,2
Isabella,2
Olga,2
Phoebe,2
Teresa,2
Lida,2
Lina,2
Marguerite,2
Claudia,2
Cecelia,2
Bess,2
Emilie,2
Rosetta,2
Myrtie,2
Cecilia,2
Olivia,2
